Product ID [Non Editable]	Variant ID [Non Editable]	Product Type [Non Editable]	Product Page	Product URL	Title	Description	SKU	Option Name 1	Option Value 1	Option Name 2	Option Value 2	Option Name 3	Option Value 3	Option Name 4	Option Value 4	Option Name 5	Option Value 5	Option Name 6	Option Value 6	Price	Sale Price	On Sale	Stock	Categories	Tags	Weight	Length	Width	Height	Visible
6314c33f8fa7f80b1bd4c8f8	e02e2cc9-c6e9-4bb8-ad87-14c419a4d5c9	PHYSICAL	stop-chop-roll	7u4gpziightk2lkb8p2hd4d1n0vr5v-rjb85	Cucumber & Avocado	Cucumber & Avocado.	SQ0087016													8.94	0	No	Unlimited	/Rolls		0	0	0	0	Yes
6314c3408fa7f80b1bd4c9e0	2c75b410-bf67-485d-82af-bbe7cfdde850	PHYSICAL	stop-chop-roll	aac-roll-gkx4n	AAC ROLL	Avocado, asparagus, and cucumber.	SQ7547404													9.3	0	No	Unlimited	/Rolls		0	0	0	0	Yes
6314c3408fa7f80b1bd4c9c3	5da9dfb7-034a-4d27-a0c1-4e6718de92ff	PHYSICAL	stop-chop-roll	alaska-roll-6mrsl	Alaska ROLL	Salmon, avocado, and cucumber.	SQ1267760													11.34	0	No	Unlimited	/Rolls		0	0	0	0	Yes
6314c33f8fa7f80b1bd4c985	1e765b2d-ce21-4a45-93dc-b06751b97d42	PHYSICAL	stop-chop-roll	alaska-tempura-djawg	Alaska Tempura ROLL	(Full Roll Deep Fried) Salmon, avocado, cucumber topped with spicy mayo and sweet sauce.	SQ8474466													20.34	0	No	Unlimited	/Tempura Rolls		0	0	0	0	Yes
6314c33f8fa7f80b1bd4c97d	3654e1b7-b3ee-4762-bdd3-f50bda277683	PHYSICAL	stop-chop-roll	american-dream-roll-5ed88	American DREAM ROLL	10 pieces. Spicy salmon, mango, cucumber, avocado, soy paper, with salmon, and spicy mayonnaise on top	SQ2751443													22.74	0	No	Unlimited	/Rolls		0	0	0	0	Yes
63d70d361a1d235bf5394059	2bb59d8f-ca20-40cb-8a51-fff490017b4b	PHYSICAL	stop-chop-roll	avocado	Avocado ROLL (Seaweed Outside)	Smaller rolls.	SQ8845617													6.9	0	No	Unlimited	/Rolls		0	0	0	0	Yes
6314c3408fa7f80b1bd4c9fe	74c9debc-2ee3-470c-94c5-3d7e65944ee2	PHYSICAL	stop-chop-roll	avocado-9xj9a	Avocado ROLL	Avocado Roll.	SQ2664644													8.94	0	No	Unlimited	/Rolls		0	0	0	0	Yes
6314c33f8fa7f80b1bd4c977	76f90dcd-0a70-4dbd-aeb6-9ba10650fac3	PHYSICAL	stop-chop-roll	black-dragon-roll-gds34	BLACK Dragon ROLL	Spicy tuna, cucumber, mango, avocado, red onion, and chef's sauce on top.	SQ4571546													21	0	No	Unlimited	/Rolls		0	0	0	0	Yes
6314c33f8fa7f80b1bd4c993	48bfef3a-16b3-4a70-b28c-4133a2f430cd	PHYSICAL	stop-chop-roll	boston-roll-2r695	Boston ROLL	Kani, mayonnaise, lettuce, avocado, and cucumber.	SQ7707628													10.8	0	No	Unlimited	/Rolls		0	0	0	0	Yes
6314c33f8fa7f80b1bd4c98d	268ea121-94f0-4c84-86a5-39537021a428	PHYSICAL	stop-chop-roll	california-roll-bksjp	California ROLL	Kani, avocado, and cucumber.	SQ8800447													10.2	0	No	Unlimited	/Rolls		0	0	0	0	Yes
6314c33f8fa7f80b1bd4c981	5091ea78-3747-4f09-8ce7-8b1c28012fe3	PHYSICAL	stop-chop-roll	california-tempura-w7gx2	California Tempura	(Full Roll Deep Fried) California roll tempura style with sweet sauce.	SQ0512604													19.14	0	No	Unlimited	/Tempura Rolls		0	0	0	0	Yes
6314c3408fa7f80b1bd4c9a9	c2acadeb-acb2-4874-93bf-479a155147fe	PHYSICAL	stop-chop-roll	caribbean-roll-6j659	Caribbean ROLL	Cooked salmon, mango, avocado, spicy kani, and crunch on top.	SQ6807756													20.34	0	No	Unlimited	/Rolls		0	0	0	0	Yes
6314c3408fa7f80b1bd4ca13	14b105f3-901e-431e-b8cd-69fb3abef9cd	PHYSICAL	stop-chop-roll	carrot-and-cucumber-jyff9	Carrot and Cucumber (Seaweed Outside)	Carrot and Cucumber (seaweed Outside).	SQ6620505													8.1	0	No	Unlimited	/Rolls		0	0	0	0	Yes
6314c3408fa7f80b1bd4ca0c	6d8fb71e-4496-47a4-8dbd-527d50cda0ac	PHYSICAL	stop-chop-roll	carrot-roll-h5g4m	Carrot ROLL (Seaweed Outside)	Carrot Roll (seaweed Outside).	SQ0666724													8.1	0	No	Unlimited	/Rolls		0	0	0	0	Yes
6314c33f8fa7f80b1bd4c957	b76b0e97-d7d3-4f10-9f4d-ef4602996513	PHYSICAL	stop-chop-roll	cedarhurst-roll-4wxx3	Cedarhurst ROLL	California roll topped with peppered salmon, spicy mayo, sweet sauce, siracha sauce	SQ3402542													20.34	0	No	Unlimited	/Rolls		0	0	0	0	Yes
6314c33f8fa7f80b1bd4c98f	828097c8-1746-4694-99de-71011a061d78	PHYSICAL	stop-chop-roll	cooked-salmon-roll-slbe2	Cooked Salmon ROLL	Cooked salmon and cucumber.	SQ1617350													11.94	0	No	Unlimited	/Rolls		0	0	0	0	Yes
6314c3408fa7f80b1bd4c9a5	b9e834c3-526e-4656-a9c8-30e8f66dd6ee	PHYSICAL	stop-chop-roll	cooked-tuna-roll-tmk76	Cooked TUNA ROLL	Cooked tuna, avocado, and cucumber.	SQ8548705													11.94	0	No	Unlimited	/Rolls		0	0	0	0	Yes
6314c3408fa7f80b1bd4c9ad	8dc719ae-a79c-4b43-a7e5-c25c81931323	PHYSICAL	stop-chop-roll	crazy-roll-y6slm	CRAZY ROLL	Cooked salmon, kani, cucumber, tuna salad, avocado, and chef's sauces on top.	SQ1518220													21	0	No	Unlimited	/Rolls		0	0	0	0	Yes
6314c33f8fa7f80b1bd4c979	0ed36feb-3957-4e6c-8f55-082b6850af8f	PHYSICAL	stop-chop-roll	crispy-dragon-roll-secjb	Crispy Dragon ROLL	California roll topped with spicy tuna, and crunch.	SQ4531166													19.8	0	No	Unlimited	/Rolls		0	0	0	0	Yes
6314c3408fa7f80b1bd4c99d	358424ae-7782-4692-9995-8fdfdb3344a5	PHYSICAL	stop-chop-roll	crispy-kani-roll-h67xn	Crispy Kani, Avocado, and Cucumber ROLL	Fried kani, avocado, cucumber	SQ5074067													13.14	0	No	Unlimited	/Rolls		0	0	0	0	Yes
6314c3408fa7f80b1bd4c9af	5a55239b-d14b-4590-b8ce-f7dc59c51b29	PHYSICAL	stop-chop-roll	crispy-roll-pagl5	Crispy ROLL	Tempura salmon, onion, cucumber, avocado, mango, crunch, and chef's sauces.	SQ0241805													19.8	0	No	Unlimited	/Rolls		0	0	0	0	Yes
63d70de01a1d235bf53940a7	286a9624-ce55-4196-a81e-ca15d34c3282	PHYSICAL	stop-chop-roll	cucumber	Cucumber ROLL (Seaweed Outside)	Smaller rolls.	SQ5418962													7.74	0	No	Unlimited	/Rolls		0	0	0	0	Yes
6314c33f8fa7f80b1bd4c94f	9a786f29-f3ca-4fbd-aa9d-592230d15e11	PHYSICAL	stop-chop-roll	dugildo4ieimu7phqzwh2s6ixvg22x-8wwz9	TUNA Special	Tuna avocado roll with 3 tuna nigiri	SQ1204847													21.54	0	No	Unlimited	/Rolls		0	0	0	0	Yes
6314c33f8fa7f80b1bd4c91d	753068ac-b10a-47de-bded-a40de6b81ebd	PHYSICAL	stop-chop-roll	egg-drop-soup-ttd6t	EGG DROP SOUP	Soup. Available in small or large.	SQ0652212	Size	Small											6	0	No	Unlimited	/Soups		0	0	0	0	Yes
	d42ecf3c-e7c0-4f7a-9acb-778287d009b6		stop-chop-roll			EGG DROP SOUP.	SQ3436300	Size	Large											10.74	0	No	Unlimited	/Soups		0	0	0	0	
6314c3408fa7f80b1bd4c9bf	23a2cf3e-e21b-44a6-bd6b-65a5d763c8bb	PHYSICAL	stop-chop-roll	express-platter-n47l7	Express Platter	10 rolls: includes 2 California, 2 Alaska, 2 spicy tuna and 4 assorted vegetable rolls	SQ3235664													95.94	0	No	Unlimited	/Platters		0	0	0	0	Yes
6314c33f8fa7f80b1bd4c905	43639f68-9bfc-43d6-92c2-cb84bff616de	PHYSICAL	stop-chop-roll	flying-fire-dragon-roll-dwj9r	Flying FIRE Dragon ROLL	(Full roll deep fried) spicy salmon, avocado, cucumber, mango, tempura style, spicy mayo, sweet sauce, sriracha sauce	SQ1627228													22.2	0	No	Unlimited	/Tempura Rolls		0	0	0	0	Yes
6314c3408fa7f80b1bd4ca1a	9c179289-5019-4799-9aeb-36ee1ee1d67c	PHYSICAL	stop-chop-roll	fried-onion-roll-jlb85	FRIED ONION ROLL	Fried Onion Roll.	SQ7605413													8.94	0	No	Unlimited	/Rolls		0	0	0	0	Yes
6314c33f8fa7f80b1bd4c987	e427c0dc-750a-4ccd-947e-39cb50cddc00	PHYSICAL	stop-chop-roll	fried-vegetable-delight-l9l63	FRIED Vegetable Delight ROLL	(Full Roll Deep Fried) avocado, cucumber, carrot topped with spicy mayo and sweet sauce.	SQ3211132													17.4	0	No	Unlimited	/Tempura Rolls		0	0	0	0	Yes
6314c3408fa7f80b1bd4ca1c	fabb2230-90da-4ee0-84d5-38697bc1ee33	PHYSICAL	stop-chop-roll	garden-roll-tsyd4	Garden ROLL (Seaweed Outside)	Specialty roll. Avocado, cucumber, oshingo, tomato, carrot, and shiitaki mushroom.	SQ2328621													16.74	0	No	Unlimited	/Rolls		0	0	0	0	Yes
6314c33f8fa7f80b1bd4c97f	056017d5-6f1c-4aa6-815b-f74de5830a05	PHYSICAL	stop-chop-roll	godzilla-roll-pfe6a	Godzilla ROLL	(Full Roll Deep Fried) Spicy tuna, kani, avocado, cucumber, tempura style, and chef's sauces.	SQ1488134													20.34	0	No	Unlimited	/Tempura Rolls		0	0	0	0	Yes
6314c33f8fa7f80b1bd4c999	6518530f-0dc1-41aa-9765-0a64291dec34	PHYSICAL	stop-chop-roll	golden-dragon-sjmwn	Golden Dragon ROLL	California roll with layers of salmon grilled, with spicy mayonnaise, and teriyaki sauce.	SQ3152701													21	0	No	Unlimited	/Rolls		0	0	0	0	Yes
6314c33f8fa7f80b1bd4c97b	7ae9a39b-b1c2-4250-82e8-3f3781494991	PHYSICAL	stop-chop-roll	green-dragon-roll-4g4en	GREEN Dragon ROLL	Spicy tuna and cucumber with avocado and spicy mayonnaise on top.	SQ3108621													19.8	0	No	Unlimited	/Rolls		0	0	0	0	Yes
6314c3408fa7f80b1bd4c9a7	e17fd6a4-4888-42fe-b7f2-11d8c5a52ad5	PHYSICAL	stop-chop-roll	grilled-salmon-roll-hy28j	Grilled Salmon ROLL	Marinated grilled salmon and cucumber.	SQ7064720													11.94	0	No	Unlimited	/Rolls		0	0	0	0	Yes
6314c3408fa7f80b1bd4ca11	dd5d9bc7-3c75-49be-845b-d2a488d5f163	PHYSICAL	stop-chop-roll	grilled-tofu-roll-n53xh	Grilled TOFU ROLL (Seaweed Outside)	Grilled Tofu Roll (seaweed Outside).	SQ1818554													9.3	0	No	Unlimited	/Rolls		0	0	0	0	Yes
6314c33f8fa7f80b1bd4c908	7b846357-2e29-43f0-bb45-ae200cb32ff3	PHYSICAL	stop-chop-roll	hawaii-roll-bfkhw	Hawaii ROLL	Tuna, Salmon, cucumber with avocado, mango outside	SQ4571211													21.54	0	No	Unlimited	/Rolls		0	0	0	0	Yes
6314c33f8fa7f80b1bd4c927	6b0ecda9-6431-42d2-943e-ef19b1dcaa36	PHYSICAL	stop-chop-roll	hot-and-sour-soup-y7mme	HOT and SOUR SOUP	Soup. Available in small or large.	SQ1556287	Size	Small											6	0	No	Unlimited	/Soups		0	0	0	0	Yes
6314c33f8fa7f80b1bd4c8ff	335520f7-ea74-4a76-b9d1-fec1adcfbcc6	PHYSICAL	stop-chop-roll	hwxp2o6yo7sr2y7xv1nh7fbl7ry5bb-8ssxk	SPICY TUNA ROLL	Spicy Tuna, Avocado	SQ3223618													11.34	0	No	Unlimited	/Rolls		0	0	0	0	Yes
6314c3408fa7f80b1bd4c99f	9238ed3d-9283-4416-8c91-af8a8b7eb8c9	PHYSICAL	stop-chop-roll	kani-roll-aspyt	KANI ROLL	Kani Roll.	SQ1678240													10.74	0	No	Unlimited	/Rolls		0	0	0	0	Yes
63d70e381a1d235bf53940d9	e2ca0f33-e18e-4757-a287-69280c25d943	PHYSICAL	stop-chop-roll	mango	MANGO ROLL (Seaweed Outside)	Smaller rolls.	SQ7786809													6.54	0	No	Unlimited	/Rolls		0	0	0	0	Yes
63d6f8be0a258216f0d9cff5	8f02a5c7-066f-42ac-8bd6-104c69a5ceae	PHYSICAL	stop-chop-roll	mango-roll	MANGO ROLL	Mango Roll.	SQ3024053													8.94	0	No	Unlimited	/Rolls		0	0	0	0	Yes
6314c3408fa7f80b1bd4c9ea	833e9203-b14a-48ad-b572-c59005f3052c	PHYSICAL	stop-chop-roll	mango-special-6ytbe	MANGO Special	Specialty roll. Mango, cucumber, and avocado with sliced mango at top.	SQ6336460													16.74	0	No	Unlimited	/Rolls		0	0	0	0	Yes
6314c33f8fa7f80b1bd4c910	978adfcc-62fc-4739-b3a5-c89328fc7b14	PHYSICAL	stop-chop-roll	miso-soup-b2mm5	MISO SOUP	Soup. Available in small or large.	SQ2167557	Size	Small											6	0	No	Unlimited	/Soups		0	0	0	0	Yes
	6941cab5-0c11-4b11-9eb5-9e5e690996a9		stop-chop-roll			MISO SOUP.	SQ4216670	Size	Large											10.74	0	No	Unlimited	/Soups		0	0	0	0	
6314c33f8fa7f80b1bd4c96b	d4a7fa06-600d-4a18-94df-806be32dc5ef	PHYSICAL	stop-chop-roll	nigiri-platter-lx4gr	Nigiri Platter	California roll with 4 pieces of nigiri.	SQ4414167													22.74	0	No	Unlimited	/Rolls		0	0	0	0	Yes
6314c33f8fa7f80b1bd4c918	fe45137b-fd0c-468b-a79f-2bb277161b1b	PHYSICAL	stop-chop-roll	noodle-soup-fc4bg	Noodle SOUP	Soup. Available in small or large.	SQ4084064	Size	Small											6	0.25	No	Unlimited	/Soups		0	0	0	0	Yes
	626b899d-cb77-4a2d-ac6d-5fe979b7e537		stop-chop-roll			Noodle SOUP.	SQ0683817	Size	Large											10.74	5	No	Unlimited	/Soups		0	0	0	0	
6314c33f8fa7f80b1bd4c95b	6fb06f58-c6da-49da-83b5-d1d120e95581	PHYSICAL	stop-chop-roll	ocean-roll-szpyg	OCEAN ROLL	Tempura fish, cucumber, with tuna, salmon, outside, spicy mayo & sweet sauce	SQ7655316													20.34	0	No	Unlimited	/Rolls		0	0	0	0	Yes
6314c33f8fa7f80b1bd4c95d	359d89b6-73af-4ab3-b8a9-d7da29cdc022	PHYSICAL	stop-chop-roll	out-of-control-roll-ynbfn	OUT of Control ROLL	Spicy tuna, mango, seared salmon and spicy mayo on top	SQ4262012													21	0	No	Unlimited	/Rolls		0	0	0	0	Yes
6314c3408fa7f80b1bd4c9c5	c432e1c3-a23d-4b34-a7a9-99b69ed4a0ef	PHYSICAL	stop-chop-roll	peppered-salmon-roll-lnbc6	Peppered Salmon ROLL	Peppered salmon, avocado, and cucumber.	SQ7763784													11.34	0	No	Unlimited	/Rolls		0	0	0	0	Yes
6314c3408fa7f80b1bd4c9d1	cfd894c0-b1ad-4866-aab4-1424a9e60773	PHYSICAL	stop-chop-roll	peppered-tuna-roll-hanry	Peppered TUNA ROLL	Peppered tuna, avocado, and cucumber.	SQ2174515													11.34	0	No	Unlimited	/Rolls		0	0	0	0	Yes
63d6f4880a258216f0d9cd9a	80af2ccb-5bbd-4668-96b9-08434fe41eaa	PHYSICAL	stop-chop-roll	phili-roll	PHILI ROLL	Smoked salmon, parve cream cheese, cucumber.	SQ0679740													14.34	0	No	Unlimited	/Rolls		0	0	0	0	Yes
6314c33f8fa7f80b1bd4c969	1102ee2e-11aa-40c5-b6eb-dceef8f61afe	PHYSICAL	stop-chop-roll	pinkalicious-7nmj5	Pinkalicious	Tuna, salmon, mango, avocado, cucumber, soy paper, and spicy mayonnaise.	SQ3031253													22.74	0	No	Unlimited	/Rolls		0	0	0	0	Yes
6314c3408fa7f80b1bd4c9b5	ebe7b076-295e-417b-8fb9-78f74ba4bfec	PHYSICAL	stop-chop-roll	platter-combo-zha4n	Platter COMBO	14 roll platter. 4 specialty rolls and 10 regular assorted rolls (1/2 fish and 1/2 veg).	SQ6876068													155.94	0	No	Unlimited	/Platters		0	0	0	0	Yes
6314c3408fa7f80b1bd4c9b7	50794c85-4acc-498c-857c-eaec7c9835b5	PHYSICAL	stop-chop-roll	platter-deluxe-43m5d	Platter Deluxe	14 roll Platter. 6 specialty rolls and 8 regular assorted rolls (1/2 fish and 1/2 veg).	SQ3634283													167.94	0	No	Unlimited	/Platters		0	0	0	0	Yes
6314c3408fa7f80b1bd4c9b3	c96c97f6-bee9-4275-8425-9cf22b09f6f2	PHYSICAL	stop-chop-roll	platter-regular-ga7hs	Regular Platter	10 roll Platter. 2 specialty rolls and 8 regular assorted rolls (1/2 fish and 1/2 veg).	SQ5785646													113.94	0	No	Unlimited	/Platters		0	0	0	0	Yes
6314c3408fa7f80b1bd4c9b9	0eacddac-4da9-48fe-bac8-cce3529009cb	PHYSICAL	stop-chop-roll	platter-specialty-mtb27	Platter Specialty	10 roll Platter. Consisting of 10 specialty rolls.	SQ5080481													179.94	0	No	Unlimited	/Platters		0	0	0	0	Yes
63d8b016f7b00122bc33d568	424f4912-2ed9-4ac7-965e-aa15886a2d54	PHYSICAL	stop-chop-roll	poke-bowl	POKE BOWL	Poke Bowl.	SQ7522169													21.54	0	No	Unlimited	/Poke bowl		0	0	0	0	Yes
6314c33f8fa7f80b1bd4c96f	85659032-4048-4bbe-a96d-664b55af3d24	PHYSICAL	stop-chop-roll	rainbow-roll-cekfn	Rainbow ROLL	California roll with assorted fish on top.	SQ4378217													20.34	0	No	Unlimited	/Rolls		0	0	0	0	Yes
6314c33f8fa7f80b1bd4c971	4d0fd014-a033-403c-9d37-bf94ba5cc495	PHYSICAL	stop-chop-roll	red-river-roll-t3wtd	RED RIVER ROLL	Salmon, avocado with tuna, jalapeno, and sriracha sauce on top.	SQ6568015													20.34	0	No	Unlimited	/Rolls		0	0	0	0	Yes
63d70a2a1a1d235bf5393e5e	481ca8de-ecbb-4e49-a46b-1ba91ba0204a	PHYSICAL	stop-chop-roll	salmon-avocado-mango-and-chefs-sauce	Salmon, Avocado, MANGO and Chef's SAUCE	Crispy rice base	SQ3769156													31.14	0	No	Unlimited	/Sushi pizza		0	0	0	0	Yes
6314c3408fa7f80b1bd4c9c9	5e4690b0-ac66-44f8-ac37-23bc071f4781	PHYSICAL	stop-chop-roll	salmon-avocado-roll-l7gef	Salmon Avocado ROLL	Salmon Avocado Roll.	SQ7651033													11.34	0	No	Unlimited	/Rolls		0	0	0	0	Yes
6314c33f8fa7f80b1bd4c955	c53929e2-8ad6-44aa-a4ac-e32f2713337e	PHYSICAL	stop-chop-roll	salmon-lovers-roll-z8glw	Salmon Lover's ROLL	Spicy salmon, avocado with salmon outside, spicy mayo	SQ0807685													20.34	0	No	Unlimited	/Rolls		0	0	0	0	Yes
63d70f1e1a1d235bf5394164	d65e4745-4838-473f-8eaa-a9bb30a4c896	PHYSICAL	stop-chop-roll	salmon-roll	Salmon ROLL (Seaweed Outside)	Smaller rolls.	SQ7060039													8.94	0	No	Unlimited	/Rolls		0	0	0	0	Yes
6314c33f8fa7f80b1bd4c991	1d412714-ca00-4c3a-ab00-8e2f74fdc9f0	PHYSICAL	stop-chop-roll	salmon-skin-roll-rtyrp	Salmon SKIN ROLL	Salmon Skin Roll.	SQ2016105													10.74	0	No	Unlimited	/Rolls		0	0	0	0	Yes
6314c33f8fa7f80b1bd4c967	e8a859ef-a683-4ba2-9437-dd053849adc5	PHYSICAL	stop-chop-roll	salmon-special-7c898	Salmon Special	1 salmon avocado roll with 3 salmon nigiri	SQ3814478													21.54	0	No	Unlimited	/Rolls		0	0	0	0	Yes
6314c3408fa7f80b1bd4c9ab	263bcbc6-c9ca-4f60-a25e-7a89f6fe1c85	PHYSICAL	stop-chop-roll	salmon-tempura-f54ma	Salmon Tempura ROLL	Salmon tempura, avoc, cuc, lettuce, and sauces.	SQ1057606													17.94	0	No	Unlimited	/Rolls		0	0	0	0	Yes
6314c3408fa7f80b1bd4c9e5	4c22000e-3fb6-43ee-ba54-f71338edbbc0	PHYSICAL	stop-chop-roll	sauteed-vegetable-roll-kx48n	Sauteed Vegetable ROLL	Onion, zucchini, carrot, and red pepper.	SQ5251133													10.14	0	No	Unlimited	/Rolls		0	0	0	0	Yes
6314c33f8fa7f80b1bd4c8f1	07cc8401-aa59-4d5d-829f-ec5611d66c03	PHYSICAL	stop-chop-roll	scrq7ckadc09z9jwrmuvddgeizeqba-mrgsl	SMALL SUSHI Platter	8 Assorted Regular Rolls (Not Specialty) Message (516) 660-2770 with your 8 sushi roll choices! Add to cart to choose your 8 rolls!	SQ4047474													81.54	0	No	Unlimited	/Platters		0	0	0	0	Yes
6314c3408fa7f80b1bd4ca18	36b9f11a-ef5a-4726-92c6-e2b16d5381f8	PHYSICAL	stop-chop-roll	shiitaki-mushroom-and-cucumber-a6jeb	Shiitaki Mushroom and Cucumber (Seaweed Outside)	Shiitaki Mushroom and Cucumber (seaweed Outside).	SQ1440877													10.14	0	No	Unlimited	/Rolls		0	0	0	0	Yes
63d6f3fa1a1d235bf5392ed6	5b313578-528a-4cdb-8a85-0af92afb190a	PHYSICAL	stop-chop-roll	smoked-salmon-roll	Smoked Salmon ROLL	Smoked Salmon Roll.	SQ1646153													12.54	0	No	Unlimited	/Rolls		0	0	0	0	Yes
6314c3408fa7f80b1bd4c9a3	4be9f097-ea44-4223-96bf-e3ec99b54822	PHYSICAL	stop-chop-roll	spicy-california-crunch-roll-lancx	SPICY California Crunch ROLL	California, spicy sauce, and crunch.	SQ4145863													10.74	0	No	Unlimited	/Rolls		0	0	0	0	Yes
6314c33f8fa7f80b1bd4c975	86ad5a26-ea4a-475e-ad82-53b8a8af8d15	PHYSICAL	stop-chop-roll	spicy-girl-fd6p4	SPICY GIRL	Spicy salmon with spicy tuna and crunch on top.	SQ8187270													20.34	0	No	Unlimited	/Rolls		0	0	0	0	Yes
63d70d090a258216f0d9ddbb	abc5e5d9-fa8c-4918-89ca-2944c4b46ba8	PHYSICAL	stop-chop-roll	spicy-kani-cucumber-shitake-mushroom-chefs-sauce	SPICY Kani, Cucumber, Shitake, Mushroom & Chef's SAUCE	Crispy rice base	SQ5584770													29.94	0	No	Unlimited	/Sushi pizza		0	0	0	0	Yes
6314c33f8fa7f80b1bd4c98b	739903dc-ae84-4c42-bd5f-4b8e181bdb05	PHYSICAL	stop-chop-roll	spicy-kani-roll-2wstj	SPICY KANI Cucumber ROLL	SPICY KANI Cucumber ROLL.	SQ4533062													10.74	0	No	Unlimited	/Rolls		0	0	0	0	Yes
6314c33f8fa7f80b1bd4c963	f2e1fea6-55ba-4330-9125-ff44c2bc446a	PHYSICAL	stop-chop-roll	spicy-mountain-roll-s7b98	SPICY Mountain ROLL	Tempura California, seaweed outside with spicy tuna and crunch on top	SQ0635734													21	0	No	Unlimited	/Rolls		0	0	0	0	Yes
6314c3408fa7f80b1bd4c9d3	54b2db48-b047-4a4d-9d37-80c5af6cc496	PHYSICAL	stop-chop-roll	spicy-salmon-roll-k2sa3	SPICY Salmon ROLL	Spicy salmon and avocado	SQ3781338													11.34	0	No	Unlimited	/Rolls		0	0	0	0	Yes
6314c33f8fa7f80b1bd4c959	b5797257-a35c-4787-be1d-f88a5fc06b46	PHYSICAL	stop-chop-roll	spicy-trio-roll-4dynl	SPICY TRIO ROLL	Spicy tuna, spicy salmon, spicy kani, cucumber, crunchy outside	SQ2105010													20.34	0	No	Unlimited	/Rolls		0	0	0	0	Yes
6314c3408fa7f80b1bd4c9cb	cadba627-71fc-4293-81b6-31f693ff38dd	PHYSICAL	stop-chop-roll	spicy-tuna-crunch-3cc6h	SPICY TUNA Crunch ROLL	Spicy tuna and crunch on top.	SQ6275653													11.34	0	No	Unlimited	/Rolls		0	0	0	0	Yes
6314c3408fa7f80b1bd4c9d9	6012723e-9494-4cf4-84ff-b2a5551c94b3	PHYSICAL	stop-chop-roll	spicy-yellowtail-roll-x5k55	SPICY Yellowtail ROLL	Spicy yellowtail and avocado.	SQ3763310													12.54	0	No	Unlimited	/Rolls		0	0	0	0	Yes
6314c33f8fa7f80b1bd4c99b	ac63defc-a642-4fce-b7d7-811a8252e3ff	PHYSICAL	stop-chop-roll	spider-roll-f72jb	Spider ROLL	10 pieces. Crispy kani, cucumber, avocado, lettuce, crunch, and chef's sauces.	SQ0665434													21	0	No	Unlimited	/Rolls		0	0	0	0	Yes
6314c33f8fa7f80b1bd4c93b	3f5f53fb-e66d-484a-b404-3e931c906a31	PHYSICAL	stop-chop-roll	steamed-dumpling-vegetable-g5ns4	Steamed Dumpling (Vegetable)	Steamed Dumpling (vegetable).	SQ0621730	Size	4											8.94	0	No	Unlimited	/Chefs parve menu		0	0	0	0	Yes
	282fe6e2-e37d-416e-904b-836bd0f15178		stop-chop-roll			Steamed Dumpling (Vegetable).	SQ4810565	Size	8											16.74	0	No	Unlimited	/Chefs parve menu		0	0	0	0	
6314c33f8fa7f80b1bd4c93d	92ad4ac9-1809-4917-95f0-7e6e1c96a645	PHYSICAL	stop-chop-roll	stir-fry-vegetable-k9k7d	STIR FRY Vegetable	Stir Fry Vegetable.	SQ0160511	Size	Small											10.74	0	No	Unlimited	/Chefs parve menu		0	0	0	0	Yes
	29b78a49-c91c-4e61-9892-ffda1f48446a		stop-chop-roll			STIR FRY Vegetable.	SQ6875628	Size	Large											19.14	0	No	Unlimited	/Chefs parve menu		0	0	0	0	
6314c33f8fa7f80b1bd4c94d	7f672501-7000-4f4c-a82d-38571f924e0d	PHYSICAL	stop-chop-roll	stop-chop-n-roll-dweel	STOP CHOP N ROLL	Spicy tuna, avocado, cucumber, peppered tuna on top with spicy mayo, honey wasabi sauce, sweet sauce	SQ2763813													21	0	No	Unlimited	/Rolls		0	0	0	0	Yes
6314c33f8fa7f80b1bd4c951	e17d916d-70a0-444d-a083-718de49974c3	PHYSICAL	stop-chop-roll	supreme-roll-5a4ll	Supreme ROLL	Spicy tuna, kani, crunch, layered with avocado, topped with fried onion & drizzled with spicy mayo	SQ1700644													21	0	No	Unlimited	/Rolls		0	0	0	0	Yes
6314c3408fa7f80b1bd4c9bd	cfbc26e5-55f3-48f6-8bbe-bfb998ec54ed	PHYSICAL	stop-chop-roll	sushi-and-sashimi-platter-zcy2d	SUSHI and Sashimi Platter	Includes 2 specialty rolls, 8 regular assorted rolls (1/2 fish and 1/2 veg), 10 pieces of nigiri, and 20 pieces of sashimi.	SQ0580132													179.94	0	No	Unlimited	/Platters		0	0	0	0	Yes
6314c33f8fa7f80b1bd4c961	fa25d4db-a9b2-45e9-a952-0edb389b6192	PHYSICAL	stop-chop-roll	sushi-poppers-spicy-tuna-avocado-hy6aa	SUSHI Poppers - SPICY TUNA Avocado	Fried balls of rice stuffed with spicy tuna and avocado. Four (4) pieces.	SQ7744657													20.34	0	No	Unlimited	/Rolls		0	0	0	0	Yes
6314c33f8fa7f80b1bd4c95f	0869ae5c-ab0d-44f8-9878-f586e4e6ccf7	PHYSICAL	stop-chop-roll	sushi-poppers-vegetable-h7h5r	SUSHI Poppers - Vegetable	Fried balls of rice stuffed with avocado, carrot and cucumber. Four (4) pieces.	SQ0322863													20.34	0	No	Unlimited	/Rolls		0	0	0	0	Yes
63d862260a258216f0dabc52	c9090c86-2262-463e-b676-dfd118ac0a29	PHYSICAL	stop-chop-roll	sushi-sandwich	SUSHI Sandwich	Spicy tuna, avocado, sandwich style.	SQ9770498													21.54	0	No	Unlimited	/Rolls		0	0	0	0	Yes
6314c3408fa7f80b1bd4c9db	24e33c95-e826-4899-9462-9aa7f49d2741	PHYSICAL	stop-chop-roll	sweet-potato-roll-na6gc	SWEET Potato ROLL	Sweet Potato Roll.	SQ8241075													8.94	0	No	Unlimited	/Rolls		0	0	0	0	Yes
6314c33f8fa7f80b1bd4c983	349f9789-c4cf-4d7e-a7ed-69c8b930be61	PHYSICAL	stop-chop-roll	tempura-lovers-roll-f5s58	Tempura Lover's ROLL	(Full Roll Deep Fried) 10 pieces. Tuna, salmon, kani, avoc, cuc, chef's sauces, tempura style, and honey wasabi sauce.	SQ1854185													22.2	0	No	Unlimited	/Tempura Rolls		0	0	0	0	Yes
6314c33f8fa7f80b1bd4c96d	dcc2b40b-9e3e-4153-b225-6cf754a737bb	PHYSICAL	stop-chop-roll	teriyaki-roll-thkwz	Teriyaki ROLL	Teriyaki salmon, cucumber, avocado, peppered tuna on top, and teriyaki sauce.	SQ6863466													21	0	No	Unlimited	/Rolls		0	0	0	0	Yes
6314c33f8fa7f80b1bd4c90a	7c564b4c-f5b6-4e6e-a128-6ecb7a1dad08	PHYSICAL	stop-chop-roll	teriyaki-tofu-erplp	Teriyaki TOFU	Teriyaki Tofu.	SQ3073056	Size	Small	Rice	None									11.94	0	No	Unlimited	/Chefs parve menu		0	0	0	0	Yes
	5c46fa39-4119-430c-819f-e853896ae4a5		stop-chop-roll			Teriyaki TOFU.	SQ7814140	Size	Small	Rice	White									12.94	0	No	Unlimited	/Chefs parve menu		0	0	0	0	
	6073f765-e71d-48f3-9141-aef1fde143fc		stop-chop-roll			Teriyaki TOFU.	SQ1931448	Size	Small	Rice	Brown									12.94	0	No	Unlimited	/Chefs parve menu		0	0	0	0	
	4d1d4b8a-8ff3-43a6-a807-3b7b0160c067		stop-chop-roll			Teriyaki TOFU.	SQ5665257	Size	Small	Rice	Fried									13.94	0	No	Unlimited	/Chefs parve menu		0	0	0	0	
	3359a130-d56c-4dcd-8672-87f6261d91de		stop-chop-roll			Teriyaki TOFU.	SQ0738016	Size	Large	Rice	None									22.74	0	No	Unlimited	/Chefs parve menu		0	0	0	0	
	f9a40a11-da45-4778-92c8-8dcc32358669		stop-chop-roll			Teriyaki TOFU.	SQ1355073	Size	Large	Rice	White									23.74	0	No	Unlimited	/Chefs parve menu		0	0	0	0	
	dd3e8170-ab02-4196-bbee-cd38dab8966a		stop-chop-roll			Teriyaki TOFU.	SQ7911542	Size	Large	Rice	Brown									23.74	0	No	Unlimited	/Chefs parve menu		0	0	0	0	
	856fc991-d1aa-4df4-b8c2-edf9a5069bca		stop-chop-roll			Teriyaki TOFU.	SQ1202887	Size	Large	Rice	Fried									24.74	0	No	Unlimited	/Chefs parve menu		0	0	0	0	
6314c33f8fa7f80b1bd4c943	8f9a574a-0741-419b-9c4a-a5fb1cd991f3	PHYSICAL	stop-chop-roll	tofu-tpk38	TOFU	TOFU.	SQ5983649	Size	Small	Sauce	General Tso									11.94	0	No	Unlimited	/Chefs parve menu		0	0	0	0	Yes
	d1e768f7-9a22-46a2-81b2-3025ee9d955e		stop-chop-roll			TOFU.	SQ9618680	Size	Small	Sauce	Sesame									11.94	0	No	Unlimited	/Chefs parve menu		0	0	0	0	
	2fd1c311-65ab-427e-ac21-560496e2ccad		stop-chop-roll			TOFU.	SQ5191849	Size	Large	Sauce	General Tso									21.54	0	No	Unlimited	/Chefs parve menu		0	0	0	0	
	612ce298-774f-4179-8ef2-fc29b8c64b39		stop-chop-roll			TOFU.	SQ7652494	Size	Large	Sauce	Sesame									21.54	0	No	Unlimited	/Chefs parve menu		0	0	0	0	
6314c3408fa7f80b1bd4ca08	825bf3c6-8d9e-4222-9b3e-2c3e6c83204b	PHYSICAL	stop-chop-roll	tropical-roll-9kzg8	Tropical ROLL	Mango, cucumber, and avocado.	SQ4711443													8.94	0	No	Unlimited	/Rolls		0	0	0	0	Yes
6314c3408fa7f80b1bd4c9cd	a11edddb-126c-4ea2-9349-30bb72356b37	PHYSICAL	stop-chop-roll	tuna-avocado-5zl4g	TUNA Avocado ROLL	Tuna Avocado Roll.	SQ4280721													11.34	0	No	Unlimited	/Rolls		0	0	0	0	Yes
63d70e951a1d235bf53940ff	d0dc9b52-cbb5-43be-9864-0548bacd568d	PHYSICAL	stop-chop-roll	tuna-roll	TUNA ROLL (Seaweed Outside)	Smaller rolls.	SQ0012540													8.94	0	No	Unlimited	/Rolls		0	0	0	0	Yes
6314c3408fa7f80b1bd4c9a1	8dcf3476-9d71-4856-95b0-29a643a574de	PHYSICAL	stop-chop-roll	tuna-salad-roll-nkjwl	TUNA SALAD ROLL	Tuna salad, avocado, and cucumber.	SQ0011133													11.94	0	No	Unlimited	/Rolls		0	0	0	0	Yes
6314c33f8fa7f80b1bd4c995	90fb1c6e-7c3d-4adb-95de-e88d31031bd3	PHYSICAL	stop-chop-roll	tuna-tempura-roll-53k6x	TUNA Tempura ROLL	Tuna tempura, avocado, cucumber, lettuce, and sauces.	SQ6662378													17.94	0	No	Unlimited	/Rolls		0	0	0	0	Yes
63d70ca71a1d235bf5394002	e3bda1ea-f450-4aef-848d-8e326f116581	PHYSICAL	stop-chop-roll	tuna-tomato-olive-red-onion-chefs-sauce	Tuna, Tomato, Olive, RED ONION & Chef's SAUCE	Crispy rice base	SQ9811762													32.34	0	No	Unlimited	/Sushi pizza		0	0	0	0	Yes
6314c3408fa7f80b1bd4c9b1	5dbb1a2c-faac-4adc-a19c-0f8e1dde2b37	PHYSICAL	stop-chop-roll	twins-roll-jzsw7	TWINS ROLL	Tempura tuna, salmon, avocado, cucumber, honey wasabi, sweet sauce, and soy paper.	SQ1043877													22.74	0	No	Unlimited	/Rolls		0	0	0	0	Yes
6314c33f8fa7f80b1bd4c965	dc216bc0-7e91-4345-90a1-eb03f32278df	PHYSICAL	stop-chop-roll	valentines-roll-pjsj9	Valentine's ROLL	Spicy tuna, salmon, cucumber, avocado, crunch, mango soy bean wrapped, spicy mayo	SQ1756718													22.74	0	No	Unlimited	/Rolls		0	0	0	0	Yes
6314c3408fa7f80b1bd4c9f4	308976f9-084f-4409-8b35-0ca7b7acbf22	PHYSICAL	stop-chop-roll	vegetable-dragon-roll-l5s2k	Vegetable Dragon ROLL	Specialty roll. Fried onion and mango covered with avocado.	SQ1270535													16.74	0	No	Unlimited	/Rolls		0	0	0	0	Yes
6314c33f8fa7f80b1bd4c936	6fafd9cb-36ae-4730-8de1-db9b0f23ed51	PHYSICAL	stop-chop-roll	vegetable-eggroll-etnag	Vegetable Eggroll	Vegetable Eggroll.	SQ7848325	Size	2											8.34	0	No	Unlimited	/Chefs parve menu		0	0	0	0	Yes
	2b7bebfc-5f25-4833-ab49-fcbd00024644		stop-chop-roll			Vegetable Eggroll.	SQ8058770	Size	5											18.6	0	No	Unlimited	/Chefs parve menu		0	0	0	0	
6314c33f8fa7f80b1bd4c931	ff47e6b0-4ba6-4e5c-8338-d84fcd438ab0	PHYSICAL	stop-chop-roll	vegetable-fried-rice-ess2e	Vegetable FRIED RICE	Vegetable Fried Rice.	SQ7732101	Size	Small											9.54	0	No	Unlimited	/Chefs parve menu		0	0	0	0	Yes
	9242d369-07a7-4f3f-beba-99f9b70fb813		stop-chop-roll			Vegetable FRIED RICE.	SQ3460756	Size	Large											16.74	0	No	Unlimited	/Chefs parve menu		0	0	0	0	
6314c33f8fa7f80b1bd4c92c	e3346494-7ab0-405d-afc5-18a3d01a8aaf	PHYSICAL	stop-chop-roll	vegetable-lomein-t9bbe	Vegetable Lomein	Vegetable Lomein.	SQ0485547	Size	Small											9.54	0	No	Unlimited	/Chefs parve menu		0	0	0	0	Yes
	368a2d1f-bd85-403b-9f2d-fb10e3d870cf		stop-chop-roll			Vegetable Lomein.	SQ6258455	Size	Large											16.74	0	No	Unlimited	/Chefs parve menu		0	0	0	0	
6314c3408fa7f80b1bd4c9bb	d0694bfb-272a-4865-b706-693c48e9ae4f	PHYSICAL	stop-chop-roll	vegetable-platter-mbedl	Vegetable Platter	10 regular vegetable rolls.	SQ3775562													83.94	0	No	Unlimited	/Platters		0	0	0	0	Yes
6314c3408fa7f80b1bd4c9f9	1762c2a1-bbfa-4b21-92ed-1b26022ae2e1	PHYSICAL	stop-chop-roll	vegetable-t3gl2	Vegetable ROLL	Cucumber, avocado, and carrot.	SQ6012220													8.94	0	No	Unlimited	/Rolls		0	0	0	0	Yes
6314c3408fa7f80b1bd4c9ef	676a4909-2dbf-4c40-9b09-8452b7f2b5bc	PHYSICAL	stop-chop-roll	vegetable-tempura-roll-4fxww	Vegetable Tempura ROLL	Specialty roll. Zucchini, onion, sweet potato, avocado, and cucumber.	SQ8843513													16.74	0	No	Unlimited	/Rolls		0	0	0	0	Yes
6314c33f8fa7f80b1bd4c902	fe95cea6-936c-48da-874b-c5a090ca9387	PHYSICAL	stop-chop-roll	vjjk44y4n9xbu34w0r0dztsmm23e2e-l7tem	FUTO MAKI ROLL	Mock Crab, avocado, cucumber, oshingo, seaweed outside	SQ7443553													11.4	0	No	Unlimited	/Rolls		0	0	0	0	Yes
6314c33f8fa7f80b1bd4c953	63fa20f7-e3a5-48b1-a02c-f4cd46cb5bde	PHYSICAL	stop-chop-roll	volcano-roll-e3kl3	Volcano ROLL	Spicy tuna, cucumber with assorted fish outside, spicy mayo	SQ6554273													20.34	0	No	Unlimited	/Rolls		0	0	0	0	Yes
6314c33f8fa7f80b1bd4c922	04d1e894-841e-4464-bea3-7a45dde76b47	PHYSICAL	stop-chop-roll	wonton-soup-a8yng	Wonton SOUP	Soup. Available in small or large.	SQ4315347	Size	Small											6	0	No	Unlimited	/Soups		0	0	0	0	Yes
	46bdbc17-d865-4570-b511-fe155afb37ea		stop-chop-roll			Wonton SOUP.	SQ6163350	Size	Large											10.74	0	No	Unlimited	/Soups		0	0	0	0	
63d70c6231372c3054959292	d6403a1d-8054-4c7b-bd3f-8960671d04d0	PHYSICAL	stop-chop-roll	yellowtail-fried-onion-scallions-jalapeno-chefs-sauce	Yellowtail, FRIED Onion, Scallions, Jalapeno & Chef's SAUCE	Crispy rice base	SQ6348821													32.34	0	No	Unlimited	/Sushi pizza		0	0	0	0	Yes
6314c3408fa7f80b1bd4c9c7	752f5217-8cd2-4bff-abb0-c4a132db7937	PHYSICAL	stop-chop-roll	yellowtail-jalapeno-and-scallion-he8yy	Yellowtail, Jalapeno, and Scallion ROLL	Yellowtail, Jalapeno, and Scallion Roll.	SQ5583683													12.54	0	No	Unlimited	/Rolls		0	0	0	0	Yes
63d70f5a31372c305495947c	a6ca4c72-259c-41fc-a4ee-86993a4de4fd	PHYSICAL	stop-chop-roll	yellowtail-roll	Yellowtail ROLL (Seaweed Outside)	Smaller rolls.	SQ8443488													9.6	0	No	Unlimited	/Rolls		0	0	0	0	Yes
6314c33f8fa7f80b1bd4c973	a71714d4-5715-481d-9317-3eebfa1e45ee	PHYSICAL	stop-chop-roll	yummy-roll-zaj6e	YUMMY ROLL	Peppered tuna, avocado, cucumber, with fresh salmon, and chef's sauce on top.	SQ5522577													20.34	0	No	Unlimited	/Rolls		0	0	0	0	Yes
